,precision,recall,f1-score,support
Normal,0.9145631067961165,0.9612244897959183,0.9373134328358209,490.0
Suspect,0.7402597402597403,0.59375,0.6589595375722543,96.0
Pathological,0.9347826086956522,0.8269230769230769,0.8775510204081632,52.0
accuracy,0.8949843260188087,0.8949843260188087,0.8949843260188087,0.8949843260188087
macro avg,0.8632018185838364,0.7939658555729984,0.8246079969387461,638.0
weighted avg,0.8899836254658403,0.8949843260188087,0.8905585435073873,638.0
