,precision,recall,f1-score,support
Normal,0.9365384615384615,0.9938775510204082,0.9643564356435643,490.0
Suspect,0.863013698630137,0.65625,0.7455621301775148,96.0
Pathological,0.9555555555555556,0.8269230769230769,0.8865979381443299,52.0
accuracy,0.9294670846394985,0.9294670846394985,0.9294670846394985,0.9294670846394985
macro avg,0.9183692385747181,0.8256835426478283,0.865505501321803,638.0
weighted avg,0.9270251569141507,0.9294670846394985,0.9250967253070426,638.0
